<?xml version='1.0' encoding='utf-8' standalone='yes' ?>
<map>
    <string name="prev_event_name">main_activity_on_create</string>
    <int name="AF_CACHE_VERSION" value="1" />
    <boolean name="didSendRevenueTriggerOnLastBackground" value="false" />
    <long name="prev_event_timestamp" value="1768896557280" />
    <int name="appsFlyerInAppEventCount" value="21" />
    <long name="prev_session_dur" value="11" />
    <long name="af_rc_max_age" value="86400" />
    <boolean name="ddl_sent" value="true" />
    <string name="sentSuccessfully">true</string>
    <string name="af_remote_config">eyJmZWF0dXJlcyI6e30sInZlciI6ImRlZmF1bHQudjEuMTYzNzE0OTUyOSJ9</string>
    <int name="versionCode" value="5050703" />
    <string name="savedProperties">{&quot;waitForCustomerId&quot;:&quot;false&quot;,&quot;logLevel&quot;:&quot;0&quot;,&quot;userEmails&quot;:&quot;{\&quot;plain_el_arr\&quot;:[\&quot;null\&quot;]}&quot;,&quot;AppUserId&quot;:&quot;152809198&quot;,&quot;userEmailsCryptType&quot;:&quot;0&quot;}</string>
    <string name="AF_INSTALLATION">1768896365581-6436934731881016119</string>
    <boolean name="afUninstallToken_queued" value="false" />
    <int name="appsFlyerCount" value="7" />
    <long name="af_rc_timestamp" value="1768896366218" />
    <long name="AppsFlyerTimePassedSincePrevLaunch" value="1768896611314" />
    <boolean name="newGPReferrerSent" value="true" />
    <string name="appsFlyerFirstInstall">2026-01-20_133606+0530</string>
    <string name="attributionId">{&quot;install_time&quot;:&quot;2026-01-20 08:06:10.702&quot;,&quot;af_message&quot;:&quot;organic install&quot;,&quot;af_status&quot;:&quot;Organic&quot;,&quot;is_first_launch&quot;:false}</string>
</map>
