<?xml version='1.0' encoding='utf-8' standalone='yes' ?>
<map>
    <int name="AF_CACHE_VERSION" value="1" />
    <string name="prev_event_name">main_activity_on_create</string>
    <boolean name="didSendRevenueTriggerOnLastBackground" value="false" />
    <long name="prev_event_timestamp" value="1767765361044" />
    <int name="appsFlyerInAppEventCount" value="17" />
    <long name="prev_session_dur" value="26" />
    <long name="af_rc_max_age" value="86400" />
    <boolean name="ddl_sent" value="true" />
    <string name="sentSuccessfully">true</string>
    <string name="af_remote_config">eyJmZWF0dXJlcyI6e30sInZlciI6ImRlZmF1bHQudjEuMTYzNzE0OTUyOSJ9</string>
    <int name="versionCode" value="5050703" />
    <string name="savedProperties">{&quot;waitForCustomerId&quot;:&quot;false&quot;,&quot;logLevel&quot;:&quot;0&quot;,&quot;userEmails&quot;:&quot;{\&quot;plain_el_arr\&quot;:[\&quot;null\&quot;]}&quot;,&quot;AppUserId&quot;:&quot;284297339&quot;,&quot;userEmailsCryptType&quot;:&quot;0&quot;}</string>
    <string name="AF_INSTALLATION">1767765081757-3115840591686340570</string>
    <boolean name="afUninstallToken_queued" value="false" />
    <int name="appsFlyerCount" value="8" />
    <long name="af_rc_timestamp" value="1767765083057" />
    <long name="AppsFlyerTimePassedSincePrevLaunch" value="1767765352200" />
    <boolean name="newGPReferrerSent" value="true" />
    <string name="appsFlyerFirstInstall">2026-01-07_112124+0530</string>
    <string name="attributionId">{&quot;install_time&quot;:&quot;2026-01-07 05:51:26.019&quot;,&quot;af_message&quot;:&quot;organic install&quot;,&quot;af_status&quot;:&quot;Organic&quot;,&quot;is_first_launch&quot;:false}</string>
</map>
