<?xml version='1.0' encoding='utf-8' standalone='yes' ?>
<map>
    <boolean name="measurement_enabled_from_api" value="true" />
    <boolean name="deep_link_retrieval_complete" value="true" />
    <long name="first_open_time" value="1767112942486" />
    <string name="gmp_app_id">1:850220037081:android:2a58ca28d6a3d34b</string>
    <string name="app_instance_id">0a8bea7a8c216f21f2f496c4832790b2</string>
    <long name="deep_link_retrieval_attempts" value="1" />
    <long name="session_id" value="1767183298" />
    <boolean name="app_backgrounded" value="true" />
    <long name="health_monitor:start" value="1767112943211" />
    <boolean name="use_service" value="true" />
    <boolean name="deferred_analytics_collection" value="false" />
    <string name="previous_os_version">10</string>
    <boolean name="measurement_enabled" value="true" />
    <boolean name="has_been_opened" value="true" />
    <boolean name="allow_remote_dynamite" value="true" />
    <long name="last_pause_time" value="1767183690638" />
    <boolean name="start_new_session" value="false" />
</map>
