<?xml version='1.0' encoding='utf-8' standalone='yes' ?>
<map>
    <boolean name="mlt_is_already_shown" value="false" />
    <boolean name="fb_link_processed" value="true" />
    <string name="payment_pending_message"></string>
    <boolean name="first_d0_10_min_media_played_event_send" value="true" />
    <string name="occupation">[&quot;Student&quot;,&quot;Self-Employed&quot;,&quot;Govt. Employee&quot;,&quot;Salaried&quot;]</string>
    <boolean name="first_30_min_media_played_event_send" value="true" />
    <boolean name="mlt_is_one_time_pause_shown" value="false" />
    <boolean name="daily_listening_time" value="true" />
    <long name="listening_time_today" value="1" />
    <int name="no_of_times_app_opened" value="5" />
    <boolean name="is_main_activity_created" value="true" />
    <int name="guilt_dialog_version" value="4" />
    <boolean name="more_like_this_show" value="false" />
    <string name="appsflyer_attribution_data">{&quot;install_time&quot;:&quot;2026-02-12 05:19:02.992&quot;,&quot;af_message&quot;:&quot;organic install&quot;,&quot;af_status&quot;:&quot;Organic&quot;,&quot;is_first_launch&quot;:false}</string>
    <boolean name="first_20_min_media_played_event_send" value="true" />
    <int name="last_logged_in_user_id_only_for_download_check" value="295881745" />
    <string name="signup_data">{&quot;isOtpAutoFilled&quot;:false,&quot;loginStartTime&quot;:0,&quot;otpLength&quot;:6,&quot;otpTime&quot;:0,&quot;selectedLanguages&quot;:[],&quot;splashOnCreateTime&quot;:1770873558090,&quot;userAdvertisingIdResponse&quot;:{&quot;country_iso_code&quot;:&quot;IN&quot;,&quot;default_login_option&quot;:&quot;phone_number&quot;,&quot;is_consumption_only&quot;:false,&quot;firebase_experiment_enabled&quot;:true,&quot;otp_auth_available&quot;:true,&quot;is_otpless_enabled&quot;:true,&quot;is_skip_login&quot;:false,&quot;login_background&quot;:&quot;https://images.cdn.kukufm.com/f:webp/https://kukufm.s3.ap-south-1.amazonaws.com/bg_images/login_bg_image_main_app_v3.webp&quot;,&quot;login_video&quot;:&quot;https://d1l07mcd18xic4.cloudfront.net/video-episode/bb44aae8-a3b7-46ea-89af-9f06a78750d8/20666.m3u8&quot;,&quot;login_options_layout&quot;:&quot;otp_login_first&quot;,&quot;login_via_email_enabled&quot;:false,&quot;login_via_fb_enabled&quot;:false,&quot;login_via_phone_enabled&quot;:true,&quot;multi_select&quot;:[],&quot;otp_country_codes&quot;:[&quot;91&quot;,&quot;1&quot;],&quot;primary_app_language_id&quot;:2,&quot;shared_login_enable&quot;:true,&quot;shared_login_timeout_millis&quot;:3000,&quot;should_show_otp_login_option&quot;:true,&quot;should_show_truecaller&quot;:true,&quot;show_default_gmail_popup&quot;:false,&quot;single_select&quot;:[&quot;marathi&quot;,&quot;hindi&quot;,&quot;tamil&quot;,&quot;bengali&quot;,&quot;telugu&quot;,&quot;kannada&quot;,&quot;malayalam&quot;],&quot;skip_onboarding_lang_screen&quot;:false,&quot;user_details&quot;:{&quot;full_name&quot;:&quot;KUKUFM&quot;}}}</string>
    <string name="otp_country_codes">[&quot;91&quot;,&quot;1&quot;]</string>
    <string name="network_operator_name"></string>
    <string name="age_bracket">[&quot;15-20&quot;,&quot;21-25&quot;,&quot;26-30&quot;,&quot;31-35&quot;,&quot;36-40&quot;,&quot;41-45&quot;,&quot;46-50&quot;,&quot;51-55&quot;,&quot;56-60&quot;,&quot;Older&quot;]</string>
    <long name="sleep_timer_future_milliseconds" value="0" />
    <string name="bottom_menu_items_v2">[{&quot;id&quot;:&quot;nav_home&quot;,&quot;label&quot;:&quot;Home&quot;},{&quot;id&quot;:&quot;nav_explore&quot;,&quot;label&quot;:&quot;Explore&quot;},{&quot;id&quot;:&quot;nav_mySpace&quot;,&quot;label&quot;:&quot;My Space&quot;}]</string>
    <string name="first_open_date">12 02 2026</string>
    <int name="total_minutes_listened" value="0" />
    <boolean name="firebase_async_sdk_initialised" value="true" />
    <string name="advertising_id">d5de3b60-b4d1-4dc6-afb3-23869fea3aa3</string>
    <string name="sleep_timer_slug"></string>
    <string name="active_fb_link"></string>
    <long name="full_page_free_trial_shown_date" value="1770873625982" />
    <int name="cd_nudge_count" value="3" />
    <string name="system_upgrade_data">null</string>
    <string name="jwt_short_token">eyJhbGciOiJIUzUxMiIsInR5cCI6IkpXVCJ9.eyJ1c2VyX2lkIjoyOTU4ODE3NDUsImV4cCI6MTc3MDg4MDgyMSwidW5pcXVlX2lkIjoiNmMxNzU0ZGUtN2JlYi00MGM1LWFkMTItYWVjY2E0YzQ5MGI5In0.hgSE9UuwZSWzwPR_kIZfZZz6DEZDM-rzPotimCGX0lieRZznmKeZ1izYNEhAH__M2U09fu78FWERFHbZP63Cjw</string>
    <string name="jwt_long_token">eyJhbGciOiJIUzUxMiIsInR5cCI6IkpXVCJ9.eyJ1c2VyX2lkIjoyOTU4ODE3NDUsImV4cCI6MTc3MzQ2NTYyMSwidW5pcXVlX2lkIjoiNmMxNzU0ZGUtN2JlYi00MGM1LWFkMTItYWVjY2E0YzQ5MGI5In0.4D_NSEiCmHiDjza9RibSHFOCmwls8KKNxxynOweWds7TDt38hJx4k3CdAZ6y3TYXmcVKa2NSIBLkw-ochiGMWQ</string>
    <boolean name="is_logout_clicked" value="false" />
    <int name="full_page_free_trial_shown_today_count" value="1" />
    <string name="content_languages">[{&quot;color&quot;:&quot;#FD6233&quot;,&quot;color_info&quot;:{&quot;bg_color&quot;:&quot;#F8EBD0&quot;,&quot;text_color&quot;:&quot;#A16400&quot;},&quot;id&quot;:1,&quot;image&quot;:&quot;https://images.cdn.kukufm.com/https://kukufm.s3.ap-south-1.amazonaws.com/icons/hindi_1.png&quot;,&quot;is_new&quot;:false,&quot;is_selected&quot;:true,&quot;load_static_home&quot;:true,&quot;popShown&quot;:false,&quot;short_title&quot;:&quot;ह&quot;,&quot;slug&quot;:&quot;hindi&quot;,&quot;title_secondary&quot;:&quot;Hindi&quot;,&quot;title&quot;:&quot;हिंदी&quot;,&quot;uri&quot;:&quot;app://kukufm/home-lang/hindi&quot;},{&quot;color&quot;:&quot;#282E34&quot;,&quot;color_info&quot;:{&quot;bg_color&quot;:&quot;#EBCEF5&quot;,&quot;text_color&quot;:&quot;#671584&quot;},&quot;id&quot;:8,&quot;image&quot;:&quot;https://images.cdn.kukufm.com/https://kukufm.s3.ap-south-1.amazonaws.com/icons/tamil_2.png&quot;,&quot;is_new&quot;:false,&quot;is_selected&quot;:false,&quot;load_static_home&quot;:true,&quot;popShown&quot;:false,&quot;short_title&quot;:&quot;த&quot;,&quot;slug&quot;:&quot;tamil&quot;,&quot;title_secondary&quot;:&quot;Tamil&quot;,&quot;title&quot;:&quot;தமிழ்&quot;,&quot;uri&quot;:&quot;app://kukufm/home-lang/tamil&quot;},{&quot;color&quot;:&quot;#349DD5&quot;,&quot;color_info&quot;:{&quot;bg_color&quot;:&quot;#BAF0E4&quot;,&quot;text_color&quot;:&quot;#007A49&quot;},&quot;id&quot;:4,&quot;image&quot;:&quot;https://images.cdn.kukufm.com/https://kukufm.s3.ap-south-1.amazonaws.com/icons/marathi_1.png&quot;,&quot;is_new&quot;:false,&quot;is_selected&quot;:false,&quot;load_static_home&quot;:true,&quot;popShown&quot;:false,&quot;short_title&quot;:&quot;म&quot;,&quot;slug&quot;:&quot;marathi&quot;,&quot;title_secondary&quot;:&quot;Marathi&quot;,&quot;title&quot;:&quot;मराठी&quot;,&quot;uri&quot;:&quot;app://kukufm/home-lang/marathi&quot;},{&quot;color&quot;:&quot;#4F55C8&quot;,&quot;color_info&quot;:{&quot;bg_color&quot;:&quot;#F3C5F7&quot;,&quot;text_color&quot;:&quot;#8A00BE&quot;},&quot;id&quot;:5,&quot;image&quot;:&quot;https://images.cdn.kukufm.com/https://kukufm.s3.ap-south-1.amazonaws.com/icons/bangla_1.png&quot;,&quot;is_new&quot;:false,&quot;is_selected&quot;:false,&quot;load_static_home&quot;:true,&quot;popShown&quot;:false,&quot;short_title&quot;:&quot;বা&quot;,&quot;slug&quot;:&quot;bengali&quot;,&quot;title_secondary&quot;:&quot;Bangla&quot;,&quot;title&quot;:&quot;বাংলা&quot;,&quot;uri&quot;:&quot;app://kukufm/home-lang/bengali&quot;},{&quot;color&quot;:&quot;#0089B5&quot;,&quot;color_info&quot;:{&quot;bg_color&quot;:&quot;#DCF7BD&quot;,&quot;text_color&quot;:&quot;#0350AA&quot;},&quot;id&quot;:3,&quot;image&quot;:&quot;https://images.cdn.kukufm.com/https://kukufm.s3.ap-south-1.amazonaws.com/icons/telugu_1.png&quot;,&quot;is_new&quot;:false,&quot;is_selected&quot;:false,&quot;load_static_home&quot;:true,&quot;popShown&quot;:false,&quot;short_title&quot;:&quot;త&quot;,&quot;slug&quot;:&quot;telugu&quot;,&quot;title_secondary&quot;:&quot;Telugu&quot;,&quot;title&quot;:&quot;తెలుగు&quot;,&quot;uri&quot;:&quot;app://kukufm/home-lang/telugu&quot;},{&quot;color_info&quot;:{&quot;bg_color&quot;:&quot;#F9F2E1&quot;,&quot;text_color&quot;:&quot;#A2890B&quot;},&quot;id&quot;:13,&quot;image&quot;:&quot;https://images.cdn.kukufm.com/https://kukufm.s3.ap-south-1.amazonaws.com/icons/kannada_1.png&quot;,&quot;is_new&quot;:false,&quot;is_selected&quot;:false,&quot;load_static_home&quot;:true,&quot;popShown&quot;:false,&quot;short_title&quot;:&quot;ಕ&quot;,&quot;slug&quot;:&quot;kannada&quot;,&quot;title_secondary&quot;:&quot;Kannada&quot;,&quot;title&quot;:&quot;ಕನ್ನಡ&quot;,&quot;uri&quot;:&quot;app://kukufm/home-lang/kannada&quot;},{&quot;color&quot;:&quot;#282E34&quot;,&quot;color_info&quot;:{&quot;bg_color&quot;:&quot;#D4D5E3&quot;,&quot;text_color&quot;:&quot;#3239D5&quot;},&quot;id&quot;:9,&quot;image&quot;:&quot;https://images.cdn.kukufm.com/https://kukufm.s3.ap-south-1.amazonaws.com/icons/malayalam_1.png&quot;,&quot;is_new&quot;:false,&quot;is_selected&quot;:false,&quot;load_static_home&quot;:true,&quot;popShown&quot;:false,&quot;short_title&quot;:&quot;ള&quot;,&quot;slug&quot;:&quot;malayalam&quot;,&quot;title_secondary&quot;:&quot;Malayalam&quot;,&quot;title&quot;:&quot;മലയാളം&quot;,&quot;uri&quot;:&quot;app://kukufm/home-lang/malayalam&quot;},{&quot;color&quot;:&quot;#1EC39A&quot;,&quot;color_info&quot;:{&quot;bg_color&quot;:&quot;#F8D3DB&quot;,&quot;text_color&quot;:&quot;#A40023&quot;},&quot;id&quot;:2,&quot;image&quot;:&quot;https://images.cdn.kukufm.com/https://kukufm.s3.ap-south-1.amazonaws.com/icons/english_2.png&quot;,&quot;is_new&quot;:false,&quot;is_selected&quot;:false,&quot;load_static_home&quot;:true,&quot;popShown&quot;:false,&quot;short_title&quot;:&quot;Aa&quot;,&quot;slug&quot;:&quot;english&quot;,&quot;title_secondary&quot;:&quot;English&quot;,&quot;title&quot;:&quot;English&quot;,&quot;uri&quot;:&quot;app://kukufm/home-lang/english&quot;}]</string>
    <boolean name="night_mode" value="true" />
    <boolean name="onBackPressMlt" value="true" />
    <boolean name="is_phone_hint_shown" value="true" />
    <boolean name="is_upi_apps_availability_event_sent" value="true" />
    <boolean name="is_phonepe_gpay_availability_event_sent" value="true" />
    <boolean name="is_free_trial_dismissed" value="true" />
    <string name="fcm_token">fBkRnd7_RFWQkJjZHxI2km:APA91bHIwkDz-Yo9XpF_jwECu9le70Z-sPnDYwypvu7xhoQdqrUzzVRwmSdJdukWfsV-pzzZyqrcvpweos1STyj9CnW9xEovCtOQ-tnth16OuwFf5tqxVBE</string>
    <boolean name="jwt_login_flow_enabled" value="true" />
    <boolean name="first_10_min_media_played_event_send" value="true" />
    <long name="jwt_short_token_timestamp" value="1770880821" />
    <boolean name="mlt_one_minute_shown" value="false" />
    <string name="unique_user_identifier">deea2c82-382a-47bf-bf30-ef00663d17ae</string>
    <boolean name="is_vip_only" value="false" />
    <long name="jwt_refresh_token_timestamp" value="1773465621" />
    <string name="network_type">MOBILE DATA</string>
    <string name="user">{&quot;bio&quot;:&quot;Play What You Love&quot;,&quot;can_pause_premium&quot;:false,&quot;chat_url&quot;:&quot;https://kchat.kukufm.com/bots/&quot;,&quot;coin_shop_url&quot;:&quot;https://kukufm.com/shop/&quot;,&quot;country_iso_code&quot;:&quot;&quot;,&quot;daily_listening_time&quot;:0,&quot;dynamic_link&quot;:&quot;https://links.kukufm.com/spZcNR&quot;,&quot;email&quot;:&quot;&quot;,&quot;enable_chat_on_settings&quot;:false,&quot;enable_new_and_hot&quot;:false,&quot;enable_listening_dashboard&quot;:false,&quot;enable_web_premium_page&quot;:true,&quot;experiments&quot;:[{&quot;slug&quot;:&quot;animated-banners&quot;},{&quot;slug&quot;:&quot;new_ui_enabled&quot;},{&quot;slug&quot;:&quot;home-phase-3&quot;,&quot;url&quot;:&quot;&quot;},{&quot;slug&quot;:&quot;hide-duration-and-episode-count-for-vip&quot;,&quot;url&quot;:&quot;&quot;},{&quot;slug&quot;:&quot;new-show-page&quot;},{&quot;slug&quot;:&quot;skip_show_page_on_reel&quot;},{&quot;slug&quot;:&quot;transition-to-player&quot;},{&quot;slug&quot;:&quot;is_default_landing_on_episode_list&quot;},{&quot;slug&quot;:&quot;vertical_thumbnail_continue_listening&quot;}],&quot;firebase_signin_provider&quot;:&quot;phone&quot;,&quot;id&quot;:295881745,&quot;incognito_mode&quot;:false,&quot;is_user_anonymous&quot;:false,&quot;is_audio_language_visible&quot;:true,&quot;is_blocked&quot;:false,&quot;is_campaign_user&quot;:false,&quot;is_participant&quot;:false,&quot;is_checked&quot;:false,&quot;is_coin_mandate_active&quot;:false,&quot;is_content_lang_selected&quot;:true,&quot;is_creator&quot;:false,&quot;is_d0_user&quot;:false,&quot;is_mail_verified&quot;:false,&quot;is_existing_subscriber&quot;:true,&quot;is_following&quot;:false,&quot;is_free_trial_period&quot;:true,&quot;is_gamification_enabled&quot;:true,&quot;is_invited&quot;:false,&quot;new_refer_n_invite_eligible&quot;:false,&quot;is_new_user&quot;:false,&quot;is_onboarding_complete&quot;:false,&quot;is_onboarding_complete_v2&quot;:true,&quot;is_participated&quot;:false,&quot;is_phone_verified&quot;:true,&quot;is_pip_mode_enabled&quot;:true,&quot;has_premium&quot;:true,&quot;refer_n_invite_eligible&quot;:false,&quot;refer_n_invite_eligible_v2&quot;:false,&quot;is_renewal_user&quot;:false,&quot;is_scratch_card_enable&quot;:false,&quot;is_self&quot;:false,&quot;uber_premium&quot;:false,&quot;is_week0_user&quot;:true,&quot;juspay_customer_id&quot;:&quot;cth_62gHufnsQwDVLjdC&quot;,&quot;mins_listened&quot;:0,&quot;phone&quot;:&quot;+14067970333&quot;,&quot;more_like_this_info&quot;:{&quot;tigger_idle_time&quot;:1,&quot;trigger_percent&quot;:90},&quot;n_units&quot;:0,&quot;n_followers&quot;:0,&quot;n_followings&quot;:0,&quot;n_listens&quot;:0,&quot;n_reads&quot;:0,&quot;n_shows&quot;:0,&quot;name&quot;:&quot;Thriller_Hero171Y&quot;,&quot;notification&quot;:false,&quot;which_page&quot;:{&quot;type&quot;:&quot;premium_page&quot;,&quot;url&quot;:&quot;https://kukufm.com/renewal/&quot;},&quot;profile_geolocation_info&quot;:{&quot;country&quot;:&quot;India&quot;,&quot;region&quot;:&quot;Bihar&quot;},&quot;rank&quot;:0,&quot;app_rating&quot;:{&quot;rating&quot;:0},&quot;sharing_text&quot;:&quot;Follow Thriller_Hero171Y on Kuku FM (Android) . Download app now! \nhttps://links.kukufm.com/spZcNR&quot;,&quot;show_sticky_ribbon&quot;:false,&quot;show_v2_renewal_cancellation_flow&quot;:true,&quot;sign_up_source&quot;:&quot;phone&quot;,&quot;target_time&quot;:60,&quot;total_points&quot;:0,&quot;user_name&quot;:&quot;+14067970333&quot;,&quot;user_subscriptions&quot;:[{&quot;auto_renew_period&quot;:&quot;Auto renew every 90 days&quot;,&quot;cancel_popup_data&quot;:{&quot;cta_text&quot;:&quot;Continue Watching&quot;,&quot;footer_text&quot;:&quot;Cancel Subscription Now&quot;,&quot;image&quot;:&quot;https://images.cdn.kukufm.com/https://kukufm.s3.ap-south-1.amazonaws.com/experiments/cancel_popup_ft_image_v2.webp&quot;,&quot;subtitle&quot;:&quot;If cancelled, premium access will stop immediately.&quot;,&quot;title&quot;:&quot;You still have \u003cspan style\u003d\&quot;color: green;\&quot;\u003e\u003cb\u003e7 days\u003c/b\u003e\u003c/span\u003e left!&quot;},&quot;is_cancel_autopay_enabled&quot;:true,&quot;is_recurring&quot;:true,&quot;mandate_enabled&quot;:true,&quot;monetization_type&quot;:&quot;subscription&quot;,&quot;payment_gateway&quot;:&quot;phonepe_v2&quot;,&quot;plan_amount&quot;:&quot;0&quot;,&quot;plan_name&quot;:&quot;3 Month Plan&quot;,&quot;premium_benefits&quot;:[{&quot;image&quot;:&quot;https://d1l07mcd18xic4.cloudfront.net/icons/unlock-v2.svg&quot;,&quot;title&quot;:&quot;All Titles Unlocked&quot;},{&quot;image&quot;:&quot;https://d1l07mcd18xic4.cloudfront.net/icons/ad-block-icon-v2.svg&quot;,&quot;title&quot;:&quot;Ad-Free Experience&quot;},{&quot;image&quot;:&quot;https://d1l07mcd18xic4.cloudfront.net/icons/download-v2.svg&quot;,&quot;title&quot;:&quot;Unlimited Downloads&quot;},{&quot;image&quot;:&quot;https://d1l07mcd18xic4.cloudfront.net/icons/hd-v2.svg&quot;,&quot;title&quot;:&quot;HD Quality Audios&quot;}],&quot;premium_fomo&quot;:{&quot;data&quot;:[{&quot;cta&quot;:&quot;Check out your playlist&quot;,&quot;images&quot;:[&quot;https://d1l07mcd18xic4.cloudfront.net/icons/playlist_1.png&quot;],&quot;titles&quot;:[&quot;You\u0027ve only listened to&quot;,&quot;0 Shows&quot;,&quot;Get more out of premium&quot;],&quot;uri&quot;:&quot;app://kukufm/new_n_hot&quot;},{&quot;cta&quot;:&quot;Download now&quot;,&quot;images&quot;:[&quot;https://d1l07mcd18xic4.cloudfront.net/icons/downloads_1.png&quot;],&quot;titles&quot;:[&quot;You don\u0027t have any&quot;,&quot;Downloads&quot;,&quot;to listen on the go&quot;],&quot;uri&quot;:&quot;app://kukufm/downloads/&quot;}],&quot;title&quot;:&quot;Don\u0027t miss out on these&quot;},&quot;purchase_date&quot;:&quot;12 Feb, 2026&quot;,&quot;renewal_date&quot;:&quot;19 Feb, 2026&quot;,&quot;show_cancel_premium&quot;:true,&quot;status&quot;:&quot;active&quot;,&quot;valid_till&quot;:&quot;19 Feb, 2026&quot;}],&quot;uuid&quot;:&quot;5dc6d00ebb954f958c3fcb6c3948e339&quot;,&quot;wallet&quot;:{&quot;free_coins&quot;:0,&quot;paid_coins&quot;:0,&quot;total_coins&quot;:0}}</string>
    <string name="config">{&quot;account_invite_msg_v2&quot;:&quot;Hello,\nHave you heard of Kuku FM, the app? It\u0027s brilliant! You can listen to stories, audiobooks, radio and a lot more, on it. Download the app, and see for yourself!https://kukufm.sng.link/Bpksi/3s34/j2kq?apn\u003dcom.vlv.aravali\u0026link\u003dhttp://kukufm.com/refer/?refer\u003d295881745\u0026utm_source\u003dAppShares\u0026utm_campaign\u003dOrganicShares\u0026utm_medium\u003dinvite_\n\nIf you end up loving something on the app, definitely share it with me 😬&quot;,&quot;in_app_update&quot;:&quot;0&quot;,&quot;bg_play_enabled_nudge_text&quot;:&quot;Listen while using other apps or with\nscreen locked&quot;,&quot;navbar_items_v1&quot;:[{&quot;id&quot;:&quot;nav_home&quot;,&quot;label&quot;:&quot;Home&quot;},{&quot;id&quot;:&quot;nav_explore&quot;,&quot;label&quot;:&quot;Explore&quot;},{&quot;id&quot;:&quot;nav_mySpace&quot;,&quot;label&quot;:&quot;My Space&quot;}],&quot;coin_faqs_url&quot;:&quot;https://kukufm.com/shop-faqs/&quot;,&quot;content_types&quot;:[{&quot;color_info&quot;:{&quot;text_color&quot;:&quot;#FFFFFF&quot;,&quot;title_color&quot;:&quot;#FFFFFF&quot;},&quot;id&quot;:83,&quot;image_info&quot;:{},&quot;slug&quot;:&quot;kuku-upskill&quot;,&quot;sub_types&quot;:[],&quot;title&quot;:&quot;Kuku Upskill&quot;},{&quot;color_info&quot;:{&quot;text_color&quot;:&quot;#FFFFFF&quot;,&quot;title_color&quot;:&quot;#FFFFFF&quot;},&quot;id&quot;:149,&quot;image_info&quot;:{},&quot;slug&quot;:&quot;movie&quot;,&quot;sub_types&quot;:[],&quot;title&quot;:&quot;Movie&quot;},{&quot;color_info&quot;:{&quot;text_color&quot;:&quot;#FFFFFF&quot;,&quot;title_color&quot;:&quot;#FFFFFF&quot;},&quot;id&quot;:17,&quot;image_info&quot;:{},&quot;slug&quot;:&quot;novel&quot;,&quot;sub_types&quot;:[],&quot;title&quot;:&quot;Novel&quot;},{&quot;color_info&quot;:{&quot;bg_color&quot;:&quot;#0F83A8&quot;,&quot;text_color&quot;:&quot;#0F83A8&quot;},&quot;id&quot;:14,&quot;image_info&quot;:{&quot;color&quot;:&quot;#FF4AB9&quot;,&quot;icon&quot;:&quot;https://images.cdn.kukufm.com/https://s3.ap-south-1.amazonaws.com/kukufm/quiz.png&quot;,&quot;image&quot;:&quot;https://images.cdn.kukufm.com/https://s3.ap-south-1.amazonaws.com/kukufm/content_type_icons/quiz_v5.png&quot;},&quot;slug&quot;:&quot;quiz&quot;,&quot;sub_types&quot;:[],&quot;title&quot;:&quot;Quiz&quot;},{&quot;color_info&quot;:{&quot;text_color&quot;:&quot;#FFFFFF&quot;,&quot;title_color&quot;:&quot;#FFFFFF&quot;},&quot;id&quot;:5,&quot;image_info&quot;:{},&quot;slug&quot;:&quot;bytes&quot;,&quot;sub_types&quot;:[],&quot;title&quot;:&quot;Bytes&quot;},{&quot;color_info&quot;:{&quot;text_color&quot;:&quot;#FFFFFF&quot;,&quot;title_color&quot;:&quot;#FFFFFF&quot;},&quot;id&quot;:8,&quot;image_info&quot;:{},&quot;slug&quot;:&quot;series&quot;,&quot;sub_types&quot;:[],&quot;title&quot;:&quot;Series&quot;},{&quot;color_info&quot;:{&quot;bg_color&quot;:&quot;#A040C2&quot;,&quot;text_color&quot;:&quot;#A040C2&quot;},&quot;id&quot;:6,&quot;image_info&quot;:{&quot;color&quot;:&quot;#FFCB61&quot;,&quot;icon&quot;:&quot;https://images.cdn.kukufm.com/https://s3.ap-south-1.amazonaws.com/kukufm/podcast.png&quot;,&quot;image&quot;:&quot;https://images.cdn.kukufm.com/https://s3.ap-south-1.amazonaws.com/kukufm/content_type_icons/podcast_v5.png&quot;},&quot;slug&quot;:&quot;podcast&quot;,&quot;sub_types&quot;:[],&quot;title&quot;:&quot;Podcast&quot;},{&quot;color_info&quot;:{&quot;bg_color&quot;:&quot;#25D32C&quot;,&quot;text_color&quot;:&quot;#25D32C&quot;},&quot;id&quot;:4,&quot;image_info&quot;:{&quot;color&quot;:&quot;#007A49&quot;,&quot;icon&quot;:&quot;https://images.cdn.kukufm.com/https://s3.ap-south-1.amazonaws.com/kukufm/story.png&quot;,&quot;image&quot;:&quot;https://images.cdn.kukufm.com/https://s3.ap-south-1.amazonaws.com/kukufm/content_type_icons/story_v5.png&quot;},&quot;slug&quot;:&quot;story&quot;,&quot;sub_types&quot;:[],&quot;title&quot;:&quot;Story&quot;},{&quot;color_info&quot;:{&quot;bg_color&quot;:&quot;#40C2B3&quot;,&quot;text_color&quot;:&quot;#40C2B3&quot;},&quot;id&quot;:12,&quot;image_info&quot;:{&quot;color&quot;:&quot;#FF0037&quot;,&quot;icon&quot;:&quot;https://images.cdn.kukufm.com/https://s3.ap-south-1.amazonaws.com/kukufm/audio_books.png&quot;,&quot;image&quot;:&quot;https://images.cdn.kukufm.com/https://s3.ap-south-1.amazonaws.com/kukufm/content_type_icons/audio book_v5.png&quot;},&quot;slug&quot;:&quot;audio-book&quot;,&quot;sub_types&quot;:[{&quot;id&quot;:1,&quot;image_info&quot;:{&quot;image&quot;:&quot;https://images.cdn.kukufm.com/https://kukufm.s3.ap-south-1.amazonaws.com/genre_icons/fiction.png&quot;},&quot;slug&quot;:&quot;fiction&quot;,&quot;title&quot;:&quot;Fiction&quot;},{&quot;id&quot;:5,&quot;image_info&quot;:{&quot;image&quot;:&quot;https://images.cdn.kukufm.com/https://kukufm.s3.ap-south-1.amazonaws.com/genre_icons/summary.png&quot;},&quot;slug&quot;:&quot;audiobook-summaries&quot;,&quot;title&quot;:&quot;Summaries&quot;},{&quot;id&quot;:4,&quot;image_info&quot;:{&quot;image&quot;:&quot;https://images.cdn.kukufm.com/https://kukufm.s3.ap-south-1.amazonaws.com/genre_icons/non_fiction.png&quot;},&quot;slug&quot;:&quot;non-fiction&quot;,&quot;title&quot;:&quot;Non Fiction&quot;}],&quot;title&quot;:&quot;Full Books&quot;},{&quot;color_info&quot;:{&quot;bg_color&quot;:&quot;#1AD2DE&quot;,&quot;text_color&quot;:&quot;#004D5E&quot;},&quot;id&quot;:15,&quot;image_info&quot;:{&quot;color&quot;:&quot;#1AD2DE&quot;,&quot;icon&quot;:&quot;&quot;,&quot;image&quot;:&quot;https://images.cdn.kukufm.com/https://kukufm.s3.ap-south-1.amazonaws.com/content_type_icons/book_summary.png&quot;},&quot;slug&quot;:&quot;book-summary&quot;,&quot;sub_types&quot;:[],&quot;title&quot;:&quot;Book Summary&quot;},{&quot;color_info&quot;:{&quot;bg_color&quot;:&quot;#F34F4F&quot;,&quot;text_color&quot;:&quot;#F34F4F&quot;},&quot;id&quot;:3,&quot;image_info&quot;:{&quot;color&quot;:&quot;#6133DD&quot;,&quot;icon&quot;:&quot;https://images.cdn.kukufm.com/https://s3.ap-south-1.amazonaws.com/kukufm/news.png&quot;,&quot;image&quot;:&quot;https://images.cdn.kukufm.com/https://s3.ap-south-1.amazonaws.com/kukufm/content_type_icons/news_v5.png&quot;},&quot;slug&quot;:&quot;news&quot;,&quot;sub_types&quot;:[],&quot;title&quot;:&quot;News&quot;},{&quot;color_info&quot;:{&quot;bg_color&quot;:&quot;#5240C2&quot;,&quot;text_color&quot;:&quot;#5240C2&quot;},&quot;id&quot;:10,&quot;image_info&quot;:{&quot;color&quot;:&quot;#31ADD3&quot;,&quot;icon&quot;:&quot;https://images.cdn.kukufm.com/https://s3.ap-south-1.amazonaws.com/kukufm/course.png&quot;,&quot;image&quot;:&quot;https://images.cdn.kukufm.com/https://s3.ap-south-1.amazonaws.com/kukufm/content_type_icons/course_v5.png&quot;},&quot;slug&quot;:&quot;course&quot;,&quot;sub_types&quot;:[],&quot;title&quot;:&quot;Course&quot;},{&quot;color_info&quot;:{&quot;bg_color&quot;:&quot;#69B74E&quot;,&quot;text_color&quot;:&quot;#FFFFFF&quot;},&quot;id&quot;:7,&quot;image_info&quot;:{&quot;color&quot;:&quot;#69B74E&quot;,&quot;icon&quot;:&quot;&quot;,&quot;image&quot;:&quot;https://images.cdn.kukufm.com/https://kukufm.s3.ap-south-1.amazonaws.com/content_type_icons/poetry_image_v2.png&quot;},&quot;slug&quot;:&quot;poems-shayari&quot;,&quot;sub_types&quot;:[],&quot;title&quot;:&quot;Poems \u0026 Shayari&quot;}],&quot;demographic_options&quot;:{&quot;age_bracket&quot;:[&quot;15-20&quot;,&quot;21-25&quot;,&quot;26-30&quot;,&quot;31-35&quot;,&quot;36-40&quot;,&quot;41-45&quot;,&quot;46-50&quot;,&quot;51-55&quot;,&quot;56-60&quot;,&quot;Older&quot;],&quot;occupation&quot;:[&quot;Student&quot;,&quot;Self-Employed&quot;,&quot;Govt. Employee&quot;,&quot;Salaried&quot;]},&quot;disable_listening_schedule_add_button&quot;:false,&quot;search_dynamic_placeholders&quot;:[{&quot;screen_name&quot;:&quot;home_screen&quot;,&quot;search_terms&quot;:[&quot;Fake Wife&quot;,&quot;Wedding Day Betrayal&quot;,&quot;My homeless billionaire husband&quot;,&quot;Doctors vs Billionaires&quot;,&quot;The Mysterious Master Chef&quot;]},{&quot;screen_name&quot;:&quot;for_you_screen&quot;,&quot;search_terms&quot;:[&quot;Fake Wife&quot;,&quot;Wedding Day Betrayal&quot;,&quot;My homeless billionaire husband&quot;,&quot;Doctors vs Billionaires&quot;,&quot;The Mysterious Master Chef&quot;]},{&quot;screen_name&quot;:&quot;search_screen&quot;,&quot;search_terms&quot;:[&quot;Fake Wife&quot;,&quot;Wedding Day Betrayal&quot;,&quot;My homeless billionaire husband&quot;,&quot;Doctors vs Billionaires&quot;,&quot;The Mysterious Master Chef&quot;]}],&quot;earn_coins_url&quot;:&quot;https://kukufm.com/earn-coins/&quot;,&quot;is_subscription_international_flow&quot;:false,&quot;enable_genre_onboarding_post_payment&quot;:false,&quot;enable_interactive_scrolling_list&quot;:false,&quot;explore_tab_items&quot;:[{&quot;is_selected&quot;:false,&quot;slug&quot;:&quot;trending&quot;,&quot;title&quot;:&quot;Trending&quot;,&quot;uri&quot;:&quot;/api/v1.0/home/explore-grid/&quot;},{&quot;is_selected&quot;:false,&quot;slug&quot;:&quot;genres&quot;,&quot;title&quot;:&quot;Genres&quot;,&quot;uri&quot;:&quot;/api/v2.1/home/explore/&quot;}],&quot;firebase_blacklisted_events&quot;:[&quot;battery_level&quot;,&quot;volume_change&quot;,&quot;device_category&quot;,&quot;time_of_day&quot;,&quot;brightness_adjustments&quot;,&quot;ott_app_install_status&quot;,&quot;memory_usage&quot;,&quot;play_store_country&quot;,&quot;cpu_usage&quot;,&quot;download_utils_get_download_manager_not_initialised&quot;],&quot;free_platform_config&quot;:{&quot;show_free_session_shortcut&quot;:false},&quot;guilt_data_for_rnpl&quot;:{&quot;show_to_existing_subscriber&quot;:false},&quot;head_phone_nudge_text&quot;:&quot;Hear our audio shows with crystal-clear sound\ncapturing every voice and sound effect for a truly immersive experience.&quot;,&quot;hide_mini_player_cross_icon&quot;:true,&quot;home_top_bar&quot;:{&quot;is_coin_store_visible&quot;:false,&quot;is_content_language_visible&quot;:false,&quot;is_kuku_logo&quot;:true,&quot;is_profile_visible&quot;:true,&quot;is_search_bar_visible&quot;:true},&quot;is_ad_enabled&quot;:false,&quot;enable_payment_for_anonymous&quot;:true,&quot;is_app_update_nudge_enabled&quot;:true,&quot;is_coin_alacarte&quot;:false,&quot;is_coin_based_monetization&quot;:false,&quot;is_coin_premium&quot;:false,&quot;is_coin_store_nudge_enabled&quot;:false,&quot;is_episode_paywall_enabled&quot;:false,&quot;is_gamification_enabled&quot;:true,&quot;is_gamification_seen&quot;:false,&quot;is_international&quot;:false,&quot;is_invoice_enabled&quot;:true,&quot;is_language_nudge_enabled&quot;:false,&quot;is_league_result_available&quot;:false,&quot;is_new_leaderboard_available&quot;:true,&quot;firebase_experiment_enabled&quot;:true,&quot;is_notification_nudge_enabled&quot;:false,&quot;is_nugget_enabled&quot;:true,&quot;otp_auth_available&quot;:true,&quot;is_served_mlt&quot;:{&quot;on_back&quot;:true,&quot;on_scroll_up&quot;:true},&quot;is_special_animation_enabled&quot;:false,&quot;is_tangential_details_supported&quot;:true,&quot;is_udc_dismissible&quot;:true,&quot;is_vip_language_enable&quot;:false,&quot;is_vip_only&quot;:false,&quot;is_vip_show_free_coins&quot;:true,&quot;is_web_coin_store_enabled&quot;:false,&quot;kafka_no_auth_whitelisted_events&quot;:[&quot;notification_received&quot;,&quot;notification_error&quot;,&quot;notification_type&quot;,&quot;notification_dismiss&quot;,&quot;timer_notification_error&quot;,&quot;invalid_notification_uri&quot;,&quot;send_event_exception&quot;,&quot;fcm_token_remotely_updated&quot;,&quot;fcm_token_remote_update_failed&quot;,&quot;jwt_refresh_from_notification_failed&quot;,&quot;empty_token_found&quot;,&quot;empty_token_received&quot;,&quot;api_failed&quot;,&quot;api_error&quot;,&quot;api_time_more_than_500ms&quot;,&quot;play_store_country&quot;,&quot;play_store_country_query_failed&quot;,&quot;splash_screen_viewed&quot;,&quot;splash_screen_exited&quot;,&quot;advertising_id_fetched&quot;,&quot;login_screen_viewed&quot;,&quot;login_activity_created&quot;,&quot;login_page_started&quot;,&quot;login_started&quot;,&quot;login_completed&quot;],&quot;languages&quot;:[{&quot;color&quot;:&quot;#FD6233&quot;,&quot;color_info&quot;:{&quot;bg_color&quot;:&quot;#F8EBD0&quot;,&quot;text_color&quot;:&quot;#A16400&quot;},&quot;id&quot;:1,&quot;image&quot;:&quot;https://images.cdn.kukufm.com/https://kukufm.s3.ap-south-1.amazonaws.com/icons/hindi_1.png&quot;,&quot;is_new&quot;:false,&quot;is_selected&quot;:true,&quot;load_static_home&quot;:true,&quot;popShown&quot;:false,&quot;short_title&quot;:&quot;ह&quot;,&quot;slug&quot;:&quot;hindi&quot;,&quot;title_secondary&quot;:&quot;Hindi&quot;,&quot;title&quot;:&quot;हिंदी&quot;,&quot;uri&quot;:&quot;app://kukufm/home-lang/hindi&quot;},{&quot;color&quot;:&quot;#282E34&quot;,&quot;color_info&quot;:{&quot;bg_color&quot;:&quot;#EBCEF5&quot;,&quot;text_color&quot;:&quot;#671584&quot;},&quot;id&quot;:8,&quot;image&quot;:&quot;https://images.cdn.kukufm.com/https://kukufm.s3.ap-south-1.amazonaws.com/icons/tamil_2.png&quot;,&quot;is_new&quot;:false,&quot;is_selected&quot;:false,&quot;load_static_home&quot;:true,&quot;popShown&quot;:false,&quot;short_title&quot;:&quot;த&quot;,&quot;slug&quot;:&quot;tamil&quot;,&quot;title_secondary&quot;:&quot;Tamil&quot;,&quot;title&quot;:&quot;தமிழ்&quot;,&quot;uri&quot;:&quot;app://kukufm/home-lang/tamil&quot;},{&quot;color&quot;:&quot;#349DD5&quot;,&quot;color_info&quot;:{&quot;bg_color&quot;:&quot;#BAF0E4&quot;,&quot;text_color&quot;:&quot;#007A49&quot;},&quot;id&quot;:4,&quot;image&quot;:&quot;https://images.cdn.kukufm.com/https://kukufm.s3.ap-south-1.amazonaws.com/icons/marathi_1.png&quot;,&quot;is_new&quot;:false,&quot;is_selected&quot;:false,&quot;load_static_home&quot;:true,&quot;popShown&quot;:false,&quot;short_title&quot;:&quot;म&quot;,&quot;slug&quot;:&quot;marathi&quot;,&quot;title_secondary&quot;:&quot;Marathi&quot;,&quot;title&quot;:&quot;मराठी&quot;,&quot;uri&quot;:&quot;app://kukufm/home-lang/marathi&quot;},{&quot;color&quot;:&quot;#4F55C8&quot;,&quot;color_info&quot;:{&quot;bg_color&quot;:&quot;#F3C5F7&quot;,&quot;text_color&quot;:&quot;#8A00BE&quot;},&quot;id&quot;:5,&quot;image&quot;:&quot;https://images.cdn.kukufm.com/https://kukufm.s3.ap-south-1.amazonaws.com/icons/bangla_1.png&quot;,&quot;is_new&quot;:false,&quot;is_selected&quot;:false,&quot;load_static_home&quot;:true,&quot;popShown&quot;:false,&quot;short_title&quot;:&quot;বা&quot;,&quot;slug&quot;:&quot;bengali&quot;,&quot;title_secondary&quot;:&quot;Bangla&quot;,&quot;title&quot;:&quot;বাংলা&quot;,&quot;uri&quot;:&quot;app://kukufm/home-lang/bengali&quot;},{&quot;color&quot;:&quot;#0089B5&quot;,&quot;color_info&quot;:{&quot;bg_color&quot;:&quot;#DCF7BD&quot;,&quot;text_color&quot;:&quot;#0350AA&quot;},&quot;id&quot;:3,&quot;image&quot;:&quot;https://images.cdn.kukufm.com/https://kukufm.s3.ap-south-1.amazonaws.com/icons/telugu_1.png&quot;,&quot;is_new&quot;:false,&quot;is_selected&quot;:false,&quot;load_static_home&quot;:true,&quot;popShown&quot;:false,&quot;short_title&quot;:&quot;త&quot;,&quot;slug&quot;:&quot;telugu&quot;,&quot;title_secondary&quot;:&quot;Telugu&quot;,&quot;title&quot;:&quot;తెలుగు&quot;,&quot;uri&quot;:&quot;app://kukufm/home-lang/telugu&quot;},{&quot;color_info&quot;:{&quot;bg_color&quot;:&quot;#F9F2E1&quot;,&quot;text_color&quot;:&quot;#A2890B&quot;},&quot;id&quot;:13,&quot;image&quot;:&quot;https://images.cdn.kukufm.com/https://kukufm.s3.ap-south-1.amazonaws.com/icons/kannada_1.png&quot;,&quot;is_new&quot;:false,&quot;is_selected&quot;:false,&quot;load_static_home&quot;:true,&quot;popShown&quot;:false,&quot;short_title&quot;:&quot;ಕ&quot;,&quot;slug&quot;:&quot;kannada&quot;,&quot;title_secondary&quot;:&quot;Kannada&quot;,&quot;title&quot;:&quot;ಕನ್ನಡ&quot;,&quot;uri&quot;:&quot;app://kukufm/home-lang/kannada&quot;},{&quot;color&quot;:&quot;#282E34&quot;,&quot;color_info&quot;:{&quot;bg_color&quot;:&quot;#D4D5E3&quot;,&quot;text_color&quot;:&quot;#3239D5&quot;},&quot;id&quot;:9,&quot;image&quot;:&quot;https://images.cdn.kukufm.com/https://kukufm.s3.ap-south-1.amazonaws.com/icons/malayalam_1.png&quot;,&quot;is_new&quot;:false,&quot;is_selected&quot;:false,&quot;load_static_home&quot;:true,&quot;popShown&quot;:false,&quot;short_title&quot;:&quot;ള&quot;,&quot;slug&quot;:&quot;malayalam&quot;,&quot;title_secondary&quot;:&quot;Malayalam&quot;,&quot;title&quot;:&quot;മലയാളം&quot;,&quot;uri&quot;:&quot;app://kukufm/home-lang/malayalam&quot;},{&quot;color&quot;:&quot;#1EC39A&quot;,&quot;color_info&quot;:{&quot;bg_color&quot;:&quot;#F8D3DB&quot;,&quot;text_color&quot;:&quot;#A40023&quot;},&quot;id&quot;:2,&quot;image&quot;:&quot;https://images.cdn.kukufm.com/https://kukufm.s3.ap-south-1.amazonaws.com/icons/english_2.png&quot;,&quot;is_new&quot;:false,&quot;is_selected&quot;:false,&quot;load_static_home&quot;:true,&quot;popShown&quot;:false,&quot;short_title&quot;:&quot;Aa&quot;,&quot;slug&quot;:&quot;english&quot;,&quot;title_secondary&quot;:&quot;English&quot;,&quot;title&quot;:&quot;English&quot;,&quot;uri&quot;:&quot;app://kukufm/home-lang/english&quot;}],&quot;otp_country_codes&quot;:[&quot;91&quot;,&quot;1&quot;],&quot;payment_flows&quot;:[{&quot;flow&quot;:&quot;kuku-payment-optimizer&quot;,&quot;type&quot;:&quot;coin&quot;},{&quot;flow&quot;:&quot;kuku-payment-optimizer&quot;,&quot;type&quot;:&quot;subscription&quot;}],&quot;rating_config&quot;:{&quot;feedback_items&quot;:[{&quot;label&quot;:&quot;Vertical Dramas&quot;,&quot;value&quot;:&quot;Vertical format dramas are so fun to watch.&quot;},{&quot;label&quot;:&quot;High-Quality&quot;,&quot;value&quot;:&quot;The shows are of excellent quality.&quot;},{&quot;label&quot;:&quot;Diverse Content&quot;,&quot;value&quot;:&quot;Every category has so much to choose from.&quot;},{&quot;label&quot;:&quot;Great for Drama series&quot;,&quot;value&quot;:&quot;Perfect app for drama lovers.&quot;},{&quot;label&quot;:&quot;Short \u0026 Captivating Episode&quot;,&quot;value&quot;:&quot;Love the short, gripping episodes.&quot;},{&quot;label&quot;:&quot;Seamless Streaming&quot;,&quot;value&quot;:&quot;Smooth and steady playback.&quot;},{&quot;label&quot;:&quot;User Friendly Interface&quot;,&quot;value&quot;:&quot;App is simple to understand.&quot;},{&quot;label&quot;:&quot;Recommendations&quot;,&quot;value&quot;:&quot;Always get great suggestions.&quot;},{&quot;label&quot;:&quot;Fresh Content&quot;,&quot;value&quot;:&quot;Always something new to watch.&quot;}],&quot;is_ft_rating_nudge_eligible&quot;:false,&quot;rating_nudge_episode_count&quot;:1},&quot;renewal_payment_pending_data&quot;:{},&quot;reporting_reasons&quot;:{&quot;quality_not_ok&quot;:&quot;Quality Not OK&quot;,&quot;not_playing&quot;:&quot;Not Able To Play&quot;,&quot;others&quot;:&quot;Others&quot;},&quot;search_suggestions&quot;:true,&quot;search_tab_items&quot;:[&quot;Trending&quot;,&quot;Genres&quot;],&quot;should_show_demographic_popup&quot;:true,&quot;show_7_days_ft_nudge&quot;:false,&quot;show_anonymous_login_cross_btn&quot;:true,&quot;show_comment_animation&quot;:false,&quot;show_language_change_icon&quot;:true,&quot;show_leaderboard_intro_popup&quot;:false,&quot;show_new_search_ui&quot;:true,&quot;show_udc_questions&quot;:true,&quot;show_unlock_episode_post_payment&quot;:true,&quot;subscription_pause_durations&quot;:[{&quot;label&quot;:&quot;1 Month&quot;,&quot;value&quot;:30},{&quot;label&quot;:&quot;2 Months&quot;,&quot;value&quot;:60},{&quot;label&quot;:&quot;3 Months&quot;,&quot;value&quot;:90}],&quot;top_bar&quot;:{&quot;is_coin_store_visible&quot;:true,&quot;is_content_language_visible&quot;:true,&quot;is_kuku_logo&quot;:true,&quot;is_profile_visible&quot;:true,&quot;is_search_bar_visible&quot;:true},&quot;udc_delay_timer&quot;:0,&quot;udc_playstore_nudge&quot;:true,&quot;upgrade_plan_data&quot;:{},&quot;uri_redirect_mappings&quot;:{&quot;/direct-trial/&quot;:&quot;app://kukufm/subscription?fromFreeTrial?\u003dtrue&quot;}}</string>
    <boolean name="mlt_is_ads_watching_started" value="false" />
</map>
