<?xml version='1.0' encoding='utf-8' standalone='yes' ?>
<map>
    <boolean name="bg_startup_tracing" value="false" />
    <long name="com.facebook.appevents.SessionInfo.sessionStartTime" value="1770874955319" />
    <long name="com.facebook.appevents.SessionInfo.sessionEndTime" value="1770875002139" />
    <string name="com.facebook.appevents.UserDataStore.internalUserData">{&quot;r2&quot;:&quot;0f66058c2909f4dd611b2ad7b9f865c907dfa5f60ddac4f9dac87235c5aef9df&quot;}</string>
    <int name="com.facebook.appevents.SessionInfo.interruptionCount" value="1" />
    <string name="com.facebook.appevents.SessionInfo.sessionId">5f98e6cc-655b-40f5-8850-57a81a72af40</string>
</map>
