<?xml version='1.0' encoding='utf-8' standalone='yes' ?>
<map>
    <int name="teri.maa.ki.kali.choot.bhen.k.loode.classes.originalInstallVersionCode" value="5050703" />
    <long name="com.facebook.appevents.SessionInfo.sessionStartTime" value="1768328232398" />
    <long name="com.facebook.appevents.SessionInfo.sessionEndTime" value="1768328483464" />
    <boolean name="bg_startup_tracing" value="false" />
    <string name="com.facebook.appevents.UserDataStore.internalUserData">{&quot;r2&quot;:&quot;516749bdf39219b3ae9c4b9cde17d76aa962d9ac5f825fa609ef2fdf47a70f37,a1572901218d41d691e49954811ca80e3dbf994578ee4ee921748760de1afd2d&quot;}</string>
    <int name="com.facebook.appevents.SessionInfo.interruptionCount" value="12" />
    <long name="teri.maa.ki.kali.choot.bhen.k.loode.classes.cloneTimestamp" value="1768328209257" />
    <string name="com.facebook.appevents.SessionInfo.sessionId">e31649c7-e195-4260-8e84-7be1bca4d49d</string>
</map>
