<?xml version='1.0' encoding='utf-8' standalone='yes' ?>
<map>
    <long name="com.facebook.appevents.SessionInfo.sessionStartTime" value="1768896444960" />
    <long name="com.facebook.appevents.SessionInfo.sessionEndTime" value="1768896621824" />
    <boolean name="bg_startup_tracing" value="false" />
    <string name="com.facebook.appevents.UserDataStore.internalUserData">{&quot;r2&quot;:&quot;06961a20c7f02d79ef3c052e3474c82a739db0370d3a82a5a09f77f344c211e7&quot;}</string>
    <int name="com.facebook.appevents.SessionInfo.interruptionCount" value="4" />
    <string name="com.facebook.appevents.SessionInfo.sessionId">04c78f0d-cc5d-45e8-9b5e-df49932433ef</string>
</map>
