<?xml version='1.0' encoding='utf-8' standalone='yes' ?>
<map>
    <int name="teri.maa.ki.kali.choot.bhen.k.loode.classes.originalInstallVersionCode" value="5050703" />
    <long name="com.facebook.appevents.SessionInfo.sessionStartTime" value="1767765214215" />
    <long name="com.facebook.appevents.SessionInfo.sessionEndTime" value="1767765378343" />
    <boolean name="bg_startup_tracing" value="false" />
    <string name="com.facebook.appevents.UserDataStore.internalUserData">{&quot;r2&quot;:&quot;516749bdf39219b3ae9c4b9cde17d76aa962d9ac5f825fa609ef2fdf47a70f37&quot;}</string>
    <int name="com.facebook.appevents.SessionInfo.interruptionCount" value="7" />
    <long name="teri.maa.ki.kali.choot.bhen.k.loode.classes.cloneTimestamp" value="1767184228168" />
    <string name="com.facebook.appevents.SessionInfo.sessionId">cf1cfb01-8bda-4a7a-bde7-efda9427c3d2</string>
</map>
