<?xml version='1.0' encoding='utf-8' standalone='yes' ?>
<map>
    <string name="core_user_identifiers">{&quot;uid&quot;:&quot;284185629&quot;}</string>
    <string name="user_session">{&quot;session_id&quot;:&quot;7a85f994-907e-4424-a166-999ce21abbdb&quot;,&quot;start_time&quot;:&quot;2026-01-13T18:20:54.933Z&quot;,&quot;last_interaction_time&quot;:1768328454933}</string>
    <int name="core_module_synced_app_version" value="5050703" />
    <long name="last_event_sync_time" value="1768328456117" />
    <string name="core_debugger_log_config">{&quot;logLevel&quot;:0,&quot;isLoggingEnabled&quot;:false,&quot;expiryTime&quot;:-1}</string>
    <string name="core_device_unique_id">8826ba1e-3122-440d-a02a-0fdb04cd73e9</string>
    <long name="inapp_last_sync_time" value="1768328455" />
    <set name="sent_activity_list">
        <string>com.vlv.aravali.premium.PremiumTabParentActivity</string>
        <string>com.vlv.aravali.payments.optimizer.ui.UpiCollectActivity</string>
        <string>com.vlv.aravali.payments.common.ui.PaymentFailedActivity</string>
        <string>in.juspay.hypernfc.NfcActivity</string>
        <string>com.moengage.pushbase.activities.PushClickDialogTracker</string>
        <string>androidx.compose.ui.tooling.PreviewActivity</string>
        <string>com.vlv.aravali.views.activities.WebViewActivity</string>
        <string>com.android.billingclient.api.ProxyBillingActivityV2</string>
        <string>com.vlv.aravali.payments.legacy.ui.activity.SubsCancellationActivity</string>
        <string>com.zomato.android.zmediakit.photos.photos.view.SelectMediaActivity</string>
        <string>com.vlv.aravali.payments.juspay.ui.JuspayPaymentActivity</string>
        <string>com.google.firebase.auth.internal.RecaptchaActivity</string>
        <string>com.vlv.aravali.settings.ui.AccountVerificationActivity</string>
        <string>com.vlv.aravali.payments.legacy.ui.activity.PauseSubscriptionActivity</string>
        <string>com.google.android.gms.ads.OutOfContextTestingActivity</string>
        <string>com.moengage.inbox.ui.view.InboxActivity</string>
        <string>com.vlv.aravali.signup.ui.activities.SignupActivity</string>
        <string>com.vlv.aravali.reelsTrailer.view.ReelsTrailerActivity</string>
        <string>com.google.android.gms.ads.AdActivity</string>
        <string>com.zomato.chatsdk.activities.WebViewActivity</string>
        <string>androidx.credentials.playservices.HiddenActivity</string>
        <string>easypay.appinvoke.AnalyticsManagerInfoDisplayActivity</string>
        <string>com.zomato.chatsdk.activities.NewTicketActivity</string>
        <string>com.zomato.android.zmediakit.photos.photos.view.SelectAlbumActivity</string>
        <string>com.facebook.FacebookActivity</string>
        <string>com.zomato.chatsdk.activities.ChatSDKMainActivity</string>
        <string>com.razorpay.DeeplinkActivity</string>
        <string>com.moe.pushlibrary.activities.MoEActivity</string>
        <string>com.vlv.aravali.splash.ui.SplashActivity</string>
        <string>com.google.firebase.auth.internal.GenericIdpActivity</string>
        <string>com.facebook.CustomTabMainActivity</string>
        <string>com.moengage.sdk.debugger.MoEDebuggerActivity</string>
        <string>com.google.android.play.core.common.PlayCoreDialogWrapperActivity</string>
        <string>com.vlv.aravali.views.activities.ExpandedImageActivity</string>
        <string>com.moengage.hms.pushkit.PushClickTracker</string>
        <string>com.google.android.gms.ads.NotificationHandlerActivity</string>
        <string>teri.maa.ki.kali.choot.bhen.k.loode.classes.DefaultProvider$MyActivity</string>
        <string>com.zomato.chatsdk.activities.CallbackActivity</string>
        <string>com.vlv.aravali.payments.legacy.ui.activity.LegacyPaymentActivity</string>
        <string>com.vlv.aravali.payments.optimizer.ui.PaymentActivity</string>
        <string>com.zomato.chatsdk.activities.ExpandedImageActivity</string>
        <string>com.google.android.gms.common.api.GoogleApiActivity</string>
        <string>com.zomato.android.zmediakit.photos.photos.view.CameraActivity</string>
        <string>com.zomato.chatsdk.activities.ChatSDKDeepLinkRouter</string>
        <string>com.vlv.aravali.coins.ui.activities.CoinsPaymentActivity</string>
        <string>com.google.android.gms.auth.api.signin.internal.SignInHubActivity</string>
        <string>com.moengage.cards.ui.CardActivity</string>
        <string>com.moengage.pushbase.internal.activity.PermissionActivity</string>
        <string>com.paytm.pgsdk.PaytmPGActivity</string>
        <string>com.zomato.chatsdk.activities.ChatSdkShareLocationActivity</string>
        <string>in.juspay.hypersdk.core.CustomtabResult</string>
        <string>com.canhub.cropper.CropImageActivity</string>
        <string>com.facebook.CustomTabActivity</string>
        <string>bin.mt.file.content.MTDataFilesWakeUpActivity</string>
        <string>com.zomato.chatsdk.activities.FeedbackActivity</string>
        <string>teri.maa.ki.kali.choot.bhen.k.loode.classes.FakeCamera$FakeCameraActivity</string>
        <string>com.moengage.pushbase.activities.PushTracker</string>
        <string>sh.measure.android.bugreport.MsrBugReportActivity</string>
        <string>com.vlv.aravali.stories.ui.LookBackActivity</string>
        <string>com.android.billingclient.api.ProxyBillingActivity</string>
        <string>com.vlv.aravali.views.activities.BaseUIActivity</string>
        <string>com.paytm.pgsdk.AioMatchUserActivity</string>
        <string>com.zomato.chatsdk.activities.MediaShowcaseActivity</string>
        <string>androidx.core.google.shortcuts.TrampolineActivity</string>
        <string>com.zomato.chatsdk.activities.ChatGenericListingActivity</string>
        <string>com.moengage.inapp.internal.activity.MoEInAppActivity</string>
        <string>com.yellowmessenger.ymchat.YellowBotWebViewActivity</string>
        <string>com.vlv.aravali.master.ui.MasterActivity</string>
        <string>com.zomato.android.zmediakit.mediapicker.view.V2SelectMediaActivity</string>
        <string>in.juspay.hypersdk.core.CustomtabActivity</string>
    </set>
    <long name="last_message_sync" value="1768328455296" />
    <string name="registration_id">fm9sjHQET36YTIsZeILMMp:APA91bHATpdD9sIrYWkAnv19hFUy28ucUeGHfTywuRHLiBrbZwajZnhWWrAqhLYW57gDR7pEhCrqFSB9VqiyZWDJ6pW2wBlyQcQ20f0beXtefiEEGVDPZPw</string>
    <boolean name="is_device_registered" value="true" />
    <long name="last_config_sync_time" value="1768328451176" />
    <string name="core_moengage_environment">DEFAULT</string>
    <long name="notification_permission_tracked_time" value="1768328454999" />
    <long name="events_batch_number" value="2" />
    <long name="inapp_api_sync_delay" value="900" />
    <long name="inapp_html_assets_delete_time" value="1768328454" />
    <boolean name="has_registered_for_verification" value="false" />
    <long name="in_app_global_delay" value="36000" />
    <string name="APP_UUID">af7e3476-2bdd-4b64-bf4a-0b143a83106d</string>
    <string name="user_attribute_unique_id">284185629</string>
</map>
